{
  "keyboard_name": "crkbd rev. 1",
  "url": "",
  "maintainer": "qmk",
  "width": 15,
  "height": 4.7,
  "layouts": {
    "LAYOUT": {
      "layout": [
        {"label":"Esc", "x":0, "y":0.3},
        {"label":"Q", "x":1, "y":0.3},
        {"label":"W", "x":2, "y":0.1},
        {"label":"E", "x":3, "y":0},
        {"label":"R", "x":4, "y":0.1},
        {"label":"T", "x":5, "y":0.2},

        {"label":"Y", "x":9, "y":0.2},
        {"label":"U", "x":10, "y":0.1},
        {"label":"I", "x":11, "y":0},
        {"label":"O", "x":12, "y":0.1},
        {"label":"P", "x":13, "y":0.3},
        {"label":"Back Space", "x":14, "y":0.3},

        {"label":"Ctrl / Tab", "x":0, "y":1.3},
        {"label":"A", "x":1, "y":1.3},
        {"label":"S", "x":2, "y":1.1},
        {"label":"D", "x":3, "y":1},
        {"label":"F", "x":4, "y":1.1},
        {"label":"G", "x":5, "y":1.2},

        {"label":"H", "x":9, "y":1.2},
        {"label":"J", "x":10, "y":1.1},
        {"label":"K", "x":11, "y":1},
        {"label":"L", "x":12, "y":1.1},
        {"label":";", "x":13, "y":1.3},
        {"label":"'", "x":14, "y":1.3},

        {"label":"Shift", "x":0, "y":2.3},
        {"label":"Z", "x":1, "y":2.3},
        {"label":"X", "x":2, "y":2.1},
        {"label":"C", "x":3, "y":2},
        {"label":"V", "x":4, "y":2.1},
        {"label":"B", "x":5, "y":2.2},

        {"label":"N", "x":9, "y":2.2},
        {"label":"M", "x":10, "y":2.1},
        {"label":",", "x":11, "y":2},
        {"label":".", "x":12, "y":2.1},
        {"label":"/", "x":13, "y":2.3},
        {"label":"Shift", "x":14, "y":2.3},

        {"label":"GUI / KC_HANJ", "x":4, "y":3.7},
        {"label":"Lower", "x":5, "y":3.7},
        {"label":"Space", "x":6, "y":3.2, "h":1.5},

        {"label":"Enter", "x":8, "y":3.2, "h":1.5},
        {"label":"Raise", "x":9, "y":3.7},
        {"label":"Alt / KC_HAEN", "x":10, "y":3.7}
      ]
    }
  }
}
